Name,Ordine,Stato
1. Executive Summary,1,Bozza
2. Chi siamo,2,Bozza
3. Opportunità di Mercato,3,Bozza
4. Vantaggio Competitivo,4,Bozza
5. Brand Identity,5,Bozza
6. Analisi del Settore,6,Bozza
7. Analisi SWOT,7,Bozza
8. Posizionamento Strategico,8,Bozza
9. Business Model & Revenue Streams,9,Bozza
10. Strategia di Prezzo e Modello Operativo,10,Bozza
11. Piano di Marketing,11,Bozza
12. Struttura Organizzativa e Piano di Crescita,12,Bozza
13. Modello di Partnership & Revenue Share,13,Bozza
14. Piano Finanziario e Proiezioni (SRL),14,Bozza